{"song":{"sectionLengths":[],"player1":"bf","notes":[{"sectionNotes":[[0,0,0],[1000,3,0],[1500,2,0]],"lengthInSteps":16,"typeOfSection":0,"mustHitSection":false},{"sectionNotes":[[2100,2,0],[2200,2,0],[2300,0,0],[2500,2,0],[2700,0,0],[2800,1,0],[2900,3,0],[3000,2,0]],"lengthInSteps":16,"typeOfSection":0,"mustHitSection":false},{"sectionNotes":[[3200,0,0],[4200,3,0],[4700,2,0]],"lengthInSteps":16,"typeOfSection":0,"mustHitSection":true},{"sectionNotes":[[5300,2,0],[5400,2,0],[5500,0,0],[5700,2,0],[5900,0,0],[6000,1,0],[6100,3,0],[6200,2,0]],"lengthInSteps":16,"typeOfSection":0,"mustHitSection":true},{"sectionNotes":[[6400,0,0],[7400,3,0],[7900,2,0]],"lengthInSteps":16,"typeOfSection":0,"mustHitSection":false},{"sectionNotes":[[8500,2,0],[8600,2,0],[8700,0,0],[8900,2,0],[9100,0,0],[9200,1,0],[9300,3,0],[9400,2,0],[9500,4,0]],"lengthInSteps":16,"typeOfSection":0,"mustHitSection":false},{"sectionNotes":[[10500,3,0],[11000,2,0]],"lengthInSteps":16,"typeOfSection":0,"mustHitSection":true},{"sectionNotes":[[11700,2,0],[11600,2,0],[11800,0,0],[12000,2,0],[12200,0,0],[12300,1,0],[12400,3,0],[12500,2,0],[12600,4,0]],"lengthInSteps":16,"typeOfSection":0,"mustHitSection":true},{"sectionNotes":[[12800,1,0],[13000,0,0],[13100,2,0],[13200,0,0],[13300,2,0],[13400,0,0],[13600,3,0],[13800,0,0],[13900,3,0],[14000,0,0],[14100,3,0],[14200,2,0]],"lengthInSteps":16,"typeOfSection":0,"mustHitSection":false},{"sectionNotes":[[14400,6,0],[14600,4,0],[14700,5,0],[14800,7,0],[14900,6,0],[15000,4,0],[15100,7,0],[15400,4,0],[15300,5,0],[15500,6,0],[15600,7,0],[15800,6,0]],"lengthInSteps":16,"typeOfSection":0,"mustHitSection":true},{"sectionNotes":[[16000,1,0],[16100,0,0],[16200,3,0],[16300,0,0],[16400,2,0],[16600,2,0],[16700,0,0],[16800,1,0],[16900,3,0],[17000,2,0],[17100,2,0],[17300,2,0],[17500,0,0]],"lengthInSteps":16,"typeOfSection":0,"mustHitSection":false},{"sectionNotes":[[17600,7,0],[17700,4,0],[17800,6,0],[17800,7,0],[18000,4,0],[18000,5,0],[18200,6,0],[18200,7,0],[18400,4,0],[18500,7,0],[18600,4,0],[18700,7,0],[18700,0,0],[18800,1,0],[19000,0,0],[19100,1,0]],"lengthInSteps":16,"typeOfSection":0,"mustHitSection":true},{"sectionNotes":[[19200,4,0],[19300,5,0],[19400,6,0],[19600,4,0],[19700,4,0],[19800,7,0],[19900,4,0],[20000,7,0],[20100,6,0],[20300,6,0],[20400,4,0],[20500,5,0],[20600,7,0],[20700,6,0]],"lengthInSteps":16,"typeOfSection":0,"mustHitSection":false},{"sectionNotes":[[31200,2,0],[20800,0,0],[21000,3,0],[21200,0,0],[21300,1,0],[21400,3,0],[21500,2,0],[21800,2,0],[22000,2,0],[22100,1,0],[22200,2,0],[22300,1,0]],"lengthInSteps":16,"typeOfSection":0,"mustHitSection":true},{"sectionNotes":[[22400,6,0],[22600,6,0],[22800,4,0],[22900,7,0],[23000,4,0],[23100,6,0],[23100,7,0],[23200,6,0],[23400,5,0],[23400,4,0],[23500,6,0],[23500,7,0],[23600,4,0],[23600,5,0],[23700,6,0],[23700,7,0],[23800,6,0]],"lengthInSteps":16,"typeOfSection":0,"mustHitSection":false},{"sectionNotes":[[36900,2,0],[24200,0,0],[24200,1,0],[24300,2,0],[24300,3,0],[24400,0,0],[24400,1,0],[24500,2,0],[24500,3,0],[24600,4,0],[25200,4,0]],"lengthInSteps":16,"typeOfSection":0,"mustHitSection":true},{"sectionNotes":[[25600,3,0],[25900,2,0],[26600,2,0],[26800,2,0],[26900,2,0],[27000,0,0],[27100,3,0]],"lengthInSteps":16,"typeOfSection":0,"mustHitSection":false},{"sectionNotes":[[27200,4,0],[27300,5,0],[27400,6,0],[27400,7,0],[27500,7,0],[27600,7,0],[27500,6,0],[27600,6,0],[27700,0,0],[28300,0,0],[28700,3,0]],"lengthInSteps":16,"typeOfSection":0,"mustHitSection":true},{"sectionNotes":[[29200,6,0],[29700,6,0],[29900,6,0],[30000,6,0],[30100,4,0],[30200,7,0]],"lengthInSteps":16,"typeOfSection":0,"mustHitSection":false},{"sectionNotes":[[30400,0,0],[30500,1,0],[30600,2,0],[30600,3,0],[30700,2,0],[30700,3,0],[30800,2,0],[30800,3,0],[30900,4,0],[31500,4,0],[31900,7,0]],"lengthInSteps":16,"typeOfSection":0,"mustHitSection":true},{"sectionNotes":[[32300,2,0],[32800,2,0],[33000,2,0],[33100,2,0],[33200,0,0],[33300,3,0],[33500,0,0]],"lengthInSteps":16,"typeOfSection":0,"mustHitSection":false},{"sectionNotes":[[33600,5,0],[33700,6,0],[33700,7,0],[33800,6,0],[33800,7,0],[33900,6,0],[33900,7,0],[34000,0,0],[34600,0,0],[35100,3,0]],"lengthInSteps":16,"typeOfSection":0,"mustHitSection":true},{"sectionNotes":[[35400,6,0],[35900,6,0],[36100,6,0],[36200,6,0],[36300,4,0],[36400,7,0],[36700,4,0]],"lengthInSteps":16,"typeOfSection":0,"mustHitSection":false},{"sectionNotes":[[36800,1,0],[36900,2,0],[36900,3,0],[37000,2,0],[37000,3,0],[37100,2,0],[37100,3,0],[37200,2,1100]],"lengthInSteps":40,"typeOfSection":0,"mustHitSection":true},{"sectionNotes":[[38400,6,1500]],"lengthInSteps":16,"typeOfSection":0,"mustHitSection":false},{"sectionNotes":[[40000,2,1100]],"lengthInSteps":16,"typeOfSection":0,"mustHitSection":true},{"sectionNotes":[[42500,1,600]],"lengthInSteps":16,"typeOfSection":0,"mustHitSection":false},{"sectionNotes":[[43200,5,1500],[43600,4,1100],[43600,7,1100],[43700,4,0]],"lengthInSteps":16,"typeOfSection":0,"mustHitSection":true},{"sectionNotes":[],"lengthInSteps":16,"typeOfSection":0,"mustHitSection":false},{"sectionNotes":[],"lengthInSteps":16,"typeOfSection":0,"mustHitSection":true},{"sectionNotes":[[49300,3,0]],"lengthInSteps":16,"typeOfSection":0,"mustHitSection":false},{"sectionNotes":[[49600,4,0],[49800,7,0],[50000,4,0],[50100,5,0],[50200,7,0],[50300,6,0],[50400,4,0],[50600,7,0],[50800,4,0],[50900,5,0],[51000,7,0],[51100,6,0]],"lengthInSteps":16,"typeOfSection":0,"mustHitSection":true},{"typeOfSection":0,"sectionNotes":[[51200,7,0],[51400,4,0],[51600,7,0],[51700,6,0],[51800,4,0],[51900,5,0],[52000,7,0],[52200,4,0],[52400,7,0],[52500,6,0],[52600,4,0],[52700,5,0]],"lengthInSteps":16,"bpm":100,"changeBPM":false,"mustHitSection":true},{"typeOfSection":0,"sectionNotes":[[52800,5,0],[53000,6,0],[53200,4,0],[53300,4,0],[53300,7,0],[53400,4,0],[53500,4,0],[53500,7,0],[53600,5,0],[53700,6,0],[53800,4,0],[53900,4,0],[54000,4,0],[54100,4,0],[53900,7,0],[54100,7,0],[54200,6,0]],"lengthInSteps":16,"altAnim":false,"bpm":100,"changeBPM":false,"mustHitSection":true},{"lengthInSteps":16,"typeOfSection":0,"sectionNotes":[[54400,6,0],[54600,4,0],[54600,5,0],[54700,6,0],[54700,7,0],[54800,4,0],[54800,5,0],[54900,6,0],[54900,7,0],[55000,6,0],[55200,6,0],[55300,4,0],[55300,5,0],[55400,7,0],[55400,6,0],[55500,4,0],[55500,5,0],[55600,6,0],[55600,7,0],[55700,0,0],[55700,4,0],[55900,7,0],[55900,3,0]],"altAnim":false,"bpm":100,"changeBPM":false,"mustHitSection":true},{"lengthInSteps":16,"typeOfSection":0,"sectionNotes":[[56000,0,0],[56100,1,0],[56300,2,0],[56200,7,0],[56300,6,0],[56200,3,0],[56000,4,0],[56100,5,0],[56400,4,0],[56600,7,0],[56400,0,0],[56600,3,0],[56800,0,0],[56900,3,0],[57000,0,0],[57100,3,0],[56800,4,0],[56900,7,0],[57000,4,0],[57100,7,0],[57200,6,0],[57400,5,0],[57200,2,0],[57400,1,0]],"altAnim":false,"bpm":150,"changeBPM":false,"mustHitSection":true},{"lengthInSteps":16,"typeOfSection":0,"sectionNotes":[[57600,3,0],[57600,7,0],[57700,0,0],[57700,4,0],[57800,7,0],[57900,4,0],[57800,3,0],[57900,0,0],[58000,6,0],[58200,5,0],[58000,2,0],[58200,1,0],[58400,4,0],[58500,7,0],[58600,4,0],[58700,7,0],[58400,0,0],[58500,3,0],[58600,0,0],[58700,3,0],[58800,6,0],[59000,6,0],[58800,2,0],[59000,2,0]],"altAnim":false,"bpm":150,"changeBPM":false,"mustHitSection":true},{"lengthInSteps":16,"typeOfSection":0,"sectionNotes":[[59200,3,0],[59200,7,0],[59300,0,0],[59300,4,0],[59400,7,0],[59500,4,0],[59400,3,0],[59500,0,0],[59900,4,0],[59900,3,0],[60000,0,0],[60000,7,0],[60100,4,0],[60100,3,0],[59600,6,0],[59800,6,0],[59600,2,0],[59800,2,0],[60200,7,0],[60200,0,0],[60300,6,0],[60500,5,0],[60300,2,0],[60500,1,0],[60700,4,0],[60700,0,0]],"altAnim":false,"bpm":150,"changeBPM":false,"mustHitSection":true},{"lengthInSteps":16,"typeOfSection":0,"sectionNotes":[[60800,3,0],[60800,7,0],[60900,0,0],[60900,4,0],[61000,7,0],[61000,3,0],[61500,4,0],[61500,3,0],[61600,0,0],[61600,7,0],[61700,4,0],[61700,3,0],[61300,6,0],[61100,2,0],[61100,6,0],[61300,2,0],[61800,7,0]],"altAnim":false,"bpm":150,"changeBPM":false,"mustHitSection":true},{"lengthInSteps":56,"typeOfSection":0,"sectionNotes":[[63300,5,600],[63700,6,200],[63800,4,100],[63800,7,0]],"altAnim":false,"bpm":150,"changeBPM":false,"mustHitSection":true},{"lengthInSteps":16,"typeOfSection":0,"sectionNotes":[],"altAnim":false,"bpm":150,"changeBPM":false,"mustHitSection":true},{"lengthInSteps":16,"typeOfSection":0,"sectionNotes":[],"altAnim":false,"bpm":150,"changeBPM":false,"mustHitSection":true},{"lengthInSteps":16,"typeOfSection":0,"sectionNotes":[],"altAnim":false,"bpm":150,"changeBPM":false,"mustHitSection":true},{"sectionNotes":[],"typeOfSection":0,"lengthInSteps":16,"altAnim":false,"mustHitSection":true,"changeBPM":false,"bpm":150},{"sectionNotes":[],"typeOfSection":0,"lengthInSteps":16,"altAnim":false,"mustHitSection":true,"changeBPM":false,"bpm":150},{"lengthInSteps":16,"altAnim":false,"typeOfSection":0,"sectionNotes":[],"bpm":150,"changeBPM":false,"mustHitSection":true}],"player2":"dad","song":"Bopeebo","validScore":true,"sections":0,"needsVoices":true,"speed":2.5,"bpm":150}}