﻿<?xml version="1.0" encoding="utf-8"?>
<TextureAtlas imagePath="DADDY_DEAREST.png">
	<!-- Created with Adobe Animate version 20.0.0.17400 -->
	<!-- http://www.adobe.com/products/animate.html -->
	<SubTexture name="Dad Sing Note DOWN0000" x="5" y="5" width="395" height="380" frameX="0" frameY="-5" frameWidth="470" frameHeight="735"/>
	<SubTexture name="Dad Sing Note DOWN0001" x="5" y="785" width="395" height="380" frameX="0" frameY="-5" frameWidth="470" frameHeight="735"/>
	<SubTexture name="Dad Sing Note DOWN0002" x="5" y="785" width="395" height="380" frameX="-4" frameY="0" frameWidth="470" frameHeight="735"/>
	<SubTexture name="Dad Sing Note DOWN0003" x="5" y="785" width="395" height="380" frameX="-4" frameY="0" frameWidth="470" frameHeight="735"/>
	<SubTexture name="Dad Sing Note DOWN0004" x="5" y="785" width="395" height="380" frameX="-4" frameY="0" frameWidth="470" frameHeight="735"/>
	<SubTexture name="Dad Sing Note DOWN0005" x="5" y="785" width="395" height="380" frameX="-4" frameY="0" frameWidth="470" frameHeight="735"/>
	<SubTexture name="Dad Sing Note DOWN0006" x="5" y="785" width="395" height="380" frameX="-4" frameY="0" frameWidth="470" frameHeight="735"/>
	<SubTexture name="Dad Sing Note LEFT0000" x="410" y="5" width="397" height="404"/>
	<SubTexture name="Dad Sing Note RIGHT0000" x="410" y="785" width="399" height="396" frameX="0" frameY="-1" frameWidth="465" frameHeight="793"/>
	<SubTexture name="Dad Sing Note RIGHT0001" x="410" y="785" width="399" height="396" frameX="0" frameY="-1" frameWidth="465" frameHeight="793"/>
	<SubTexture name="Dad Sing Note RIGHT0002" x="1224" y="411" width="396" height="404" frameX="0" frameY="0" frameWidth="465" frameHeight="793"/>
	<SubTexture name="Dad Sing Note RIGHT0003" x="1224" y="411" width="396" height="404" frameX="0" frameY="0" frameWidth="465" frameHeight="793"/>
	<SubTexture name="Dad Sing Note RIGHT0004" x="1224" y="411" width="396" height="404" frameX="0" frameY="0" frameWidth="465" frameHeight="793"/>
	<SubTexture name="Dad Sing Note RIGHT0005" x="1224" y="411" width="396" height="404" frameX="0" frameY="0" frameWidth="465" frameHeight="793"/>
	<SubTexture name="Dad Sing Note RIGHT0006" x="1224" y="411" width="396" height="404" frameX="0" frameY="0" frameWidth="465" frameHeight="793"/>
	<SubTexture name="Dad Sing Note RIGHT0007" x="1224" y="411" width="396" height="404" frameX="0" frameY="0" frameWidth="465" frameHeight="793"/>
	<SubTexture name="Dad Sing Note RIGHT0008" x="1224" y="411" width="396" height="404" frameX="0" frameY="0" frameWidth="465" frameHeight="793"/>
	<SubTexture name="Dad Sing Note RIGHT0009" x="1224" y="411" width="396" height="404" frameX="0" frameY="0" frameWidth="465" frameHeight="793"/>
	<SubTexture name="Dad Sing Note RIGHT0010" x="1224" y="411" width="396" height="404" frameX="0" frameY="0" frameWidth="465" frameHeight="793"/>
	<SubTexture name="Dad Sing Note RIGHT0011" x="1224" y="411" width="396" height="404" frameX="0" frameY="0" frameWidth="465" frameHeight="793"/>
	<SubTexture name="Dad Sing Note RIGHT0012" x="1224" y="411" width="396" height="404" frameX="0" frameY="0" frameWidth="465" frameHeight="793"/>
	<SubTexture name="Dad Sing Note RIGHT0013" x="1224" y="411" width="396" height="404" frameX="0" frameY="0" frameWidth="465" frameHeight="793"/>
	<SubTexture name="Dad Sing Note RIGHT0014" x="1224" y="411" width="396" height="404" frameX="0" frameY="0" frameWidth="465" frameHeight="793"/>
	<SubTexture name="Dad Sing Note RIGHT0015" x="1224" y="411" width="396" height="404" frameX="0" frameY="0" frameWidth="465" frameHeight="793"/>
	<SubTexture name="Dad Sing Note RIGHT0016" x="1224" y="411" width="396" height="404" frameX="0" frameY="0" frameWidth="465" frameHeight="793"/>
	<SubTexture name="Dad Sing Note RIGHT0017" x="1224" y="411" width="396" height="404" frameX="0" frameY="0" frameWidth="465" frameHeight="793"/>
	<SubTexture name="Dad Sing Note RIGHT0018" x="1224" y="411" width="396" height="404" frameX="0" frameY="0" frameWidth="465" frameHeight="793"/>
	<SubTexture name="Dad Sing Note UP0000" x="1222" y="5" width="390" height="396" frameX="-1" frameY="0" frameWidth="409" frameHeight="818"/>
	<SubTexture name="Dad Sing Note UP0001" x="1222" y="5" width="390" height="396" frameX="-1" frameY="0" frameWidth="409" frameHeight="818"/>
	<SubTexture name="Dad Sing Note UP0002" x="5" y="1215" width="390" height="383" frameX="0" frameY="-8" frameWidth="409" frameHeight="818"/>
	<SubTexture name="Dad Sing Note UP0003" x="5" y="1215" width="390" height="383" frameX="0" frameY="-8" frameWidth="409" frameHeight="818"/>
	<SubTexture name="Dad Sing Note UP0004" x="5" y="1215" width="390" height="383" frameX="0" frameY="-8" frameWidth="409" frameHeight="818"/>
	<SubTexture name="Dad idle dance0000" x="5" y="395" width="395" height="380" frameX="-6" frameY="0" frameWidth="429" frameHeight="767"/>
	<SubTexture name="Dad idle dance0001" x="819" y="785" width="395" height="380" frameX="-6" frameY="0" frameWidth="429" frameHeight="767"/>
	<SubTexture name="Dad idle dance0002" x="1224" y="825" width="395" height="380" frameX="0" frameY="-8" frameWidth="429" frameHeight="767"/>
	<SubTexture name="Dad idle dance0003" x="405" y="1215" width="394" height="380" frameX="0" frameY="-8" frameWidth="429" frameHeight="767"/>
	<SubTexture name="Dad idle dance0004" x="809" y="1215" width="395" height="380" frameX="-2" frameY="-10" frameWidth="429" frameHeight="767"/>
	<SubTexture name="Dad idle dance0005" x="1214" y="1215" width="395" height="380" frameX="-2" frameY="-10" frameWidth="429" frameHeight="767"/>
	<SubTexture name="Dad idle dance0006" x="5" y="395" width="395" height="380" frameX="-3" frameY="-8" frameWidth="429" frameHeight="767"/>
	<SubTexture name="Dad idle dance0007" x="819" y="785" width="395" height="380" frameX="-3" frameY="-8" frameWidth="429" frameHeight="767"/>
	<SubTexture name="Dad idle dance0008" x="1224" y="825" width="395" height="380" frameX="-5" frameY="-1" frameWidth="429" frameHeight="767"/>
	<SubTexture name="Dad idle dance0009" x="405" y="1215" width="394" height="380" frameX="-5" frameY="-1" frameWidth="429" frameHeight="767"/>
	<SubTexture name="Dad idle dance0010" x="809" y="1215" width="395" height="380" frameX="-6" frameY="0" frameWidth="429" frameHeight="767"/>
	<SubTexture name="Dad idle dance0011" x="1214" y="1215" width="395" height="380" frameX="-6" frameY="0" frameWidth="429" frameHeight="767"/>
	<SubTexture name="Dad idle dance0012" x="1214" y="1215" width="395" height="380" frameX="-6" frameY="0" frameWidth="429" frameHeight="767"/>
</TextureAtlas>
