﻿<?xml version="1.0" encoding="utf-8"?>
<TextureAtlas imagePath="Mom_Assets.png">
	<!-- Created with Adobe Animate version 20.0.0.17400 -->
	<!-- http://www.adobe.com/products/animate.html -->
	<SubTexture name="MOM DOWN POSE0000" x="407" y="393" width="392" height="377" frameX="-4" frameY="0" frameWidth="414" frameHeight="613"/>
	<SubTexture name="MOM DOWN POSE0001" x="407" y="393" width="392" height="377" frameX="-4" frameY="0" frameWidth="414" frameHeight="613"/>
	<SubTexture name="MOM DOWN POSE0002" x="407" y="393" width="392" height="377" frameX="0" frameY="-16" frameWidth="414" frameHeight="613"/>
	<SubTexture name="MOM DOWN POSE0003" x="407" y="393" width="392" height="377" frameX="0" frameY="-16" frameWidth="414" frameHeight="613"/>
	<SubTexture name="MOM DOWN POSE0004" x="407" y="393" width="392" height="377" frameX="0" frameY="-13" frameWidth="414" frameHeight="613"/>
	<SubTexture name="MOM DOWN POSE0005" x="407" y="393" width="392" height="377" frameX="0" frameY="-13" frameWidth="414" frameHeight="613"/>
	<SubTexture name="MOM DOWN POSE0006" x="407" y="393" width="392" height="377" frameX="0" frameY="-13" frameWidth="414" frameHeight="613"/>
	<SubTexture name="MOM DOWN POSE0007" x="407" y="393" width="392" height="377" frameX="0" frameY="-13" frameWidth="414" frameHeight="613"/>
	<SubTexture name="MOM DOWN POSE0008" x="407" y="393" width="392" height="377" frameX="0" frameY="-13" frameWidth="414" frameHeight="613"/>
	<SubTexture name="MOM DOWN POSE0009" x="407" y="393" width="392" height="377" frameX="0" frameY="-13" frameWidth="414" frameHeight="613"/>
	<SubTexture name="MOM DOWN POSE0010" x="407" y="393" width="392" height="377" frameX="0" frameY="-13" frameWidth="414" frameHeight="613"/>
	<SubTexture name="MOM DOWN POSE0011" x="407" y="393" width="392" height="377" frameX="0" frameY="-13" frameWidth="414" frameHeight="613"/>
	<SubTexture name="MOM DOWN POSE0012" x="407" y="393" width="392" height="377" frameX="0" frameY="-13" frameWidth="414" frameHeight="613"/>
	<SubTexture name="MOM DOWN POSE0013" x="407" y="393" width="392" height="377" frameX="0" frameY="-13" frameWidth="414" frameHeight="613"/>
	<SubTexture name="MOM DOWN POSE0014" x="407" y="393" width="392" height="377" frameX="0" frameY="-13" frameWidth="414" frameHeight="613"/>
	<SubTexture name="Mom Idle0000" x="5" y="5" width="391" height="378" frameX="-4" frameY="-2" frameWidth="390" frameHeight="829"/>
	<SubTexture name="Mom Idle0001" x="5" y="5" width="391" height="378" frameX="-4" frameY="-2" frameWidth="390" frameHeight="829"/>
	<SubTexture name="Mom Idle0002" x="406" y="5" width="391" height="377" frameX="-4" frameY="-14" frameWidth="390" frameHeight="829"/>
	<SubTexture name="Mom Idle0003" x="406" y="5" width="391" height="377" frameX="-4" frameY="-14" frameWidth="390" frameHeight="829"/>
	<SubTexture name="Mom Idle0004" x="807" y="5" width="391" height="378" frameX="-1" frameY="-7" frameWidth="390" frameHeight="829"/>
	<SubTexture name="Mom Idle0005" x="807" y="5" width="391" height="378" frameX="-1" frameY="-7" frameWidth="390" frameHeight="829"/>
	<SubTexture name="Mom Idle0006" x="5" y="393" width="392" height="377" frameX="0" frameY="-5" frameWidth="390" frameHeight="829"/>
	<SubTexture name="Mom Idle0007" x="5" y="393" width="392" height="377" frameX="0" frameY="-5" frameWidth="390" frameHeight="829"/>
	<SubTexture name="Mom Idle0008" x="807" y="5" width="391" height="378" frameX="0" frameY="-1" frameWidth="390" frameHeight="829"/>
	<SubTexture name="Mom Idle0009" x="807" y="5" width="391" height="378" frameX="0" frameY="-1" frameWidth="390" frameHeight="829"/>
	<SubTexture name="Mom Idle0010" x="406" y="5" width="391" height="377" frameX="0" frameY="0" frameWidth="390" frameHeight="829"/>
	<SubTexture name="Mom Idle0011" x="406" y="5" width="391" height="377" frameX="0" frameY="0" frameWidth="390" frameHeight="829"/>
	<SubTexture name="Mom Idle0012" x="5" y="5" width="391" height="378" frameX="0" frameY="0" frameWidth="390" frameHeight="829"/>
	<SubTexture name="Mom Idle0013" x="5" y="5" width="391" height="378" frameX="0" frameY="0" frameWidth="390" frameHeight="829"/>
	<SubTexture name="Mom Left Pose0000" x="809" y="393" width="395" height="401" frameX="0" frameY="0" frameWidth="607" frameHeight="818"/>
	<SubTexture name="Mom Left Pose0001" x="809" y="393" width="395" height="401" frameX="0" frameY="0" frameWidth="607" frameHeight="818"/>
	<SubTexture name="Mom Left Pose0002" x="809" y="393" width="395" height="401" frameX="-11" frameY="-15" frameWidth="607" frameHeight="818"/>
	<SubTexture name="Mom Left Pose0003" x="809" y="393" width="395" height="401" frameX="-11" frameY="-15" frameWidth="607" frameHeight="818"/>
	<SubTexture name="Mom Left Pose0004" x="809" y="393" width="395" height="401" frameX="-11" frameY="-11" frameWidth="607" frameHeight="818"/>
	<SubTexture name="Mom Left Pose0005" x="809" y="393" width="395" height="401" frameX="-11" frameY="-11" frameWidth="607" frameHeight="818"/>
	<SubTexture name="Mom Left Pose0006" x="809" y="393" width="395" height="401" frameX="-11" frameY="-11" frameWidth="607" frameHeight="818"/>
	<SubTexture name="Mom Left Pose0007" x="809" y="393" width="395" height="401" frameX="-11" frameY="-11" frameWidth="607" frameHeight="818"/>
	<SubTexture name="Mom Left Pose0008" x="809" y="393" width="395" height="401" frameX="-11" frameY="-11" frameWidth="607" frameHeight="818"/>
	<SubTexture name="Mom Left Pose0009" x="809" y="393" width="395" height="401" frameX="-11" frameY="-11" frameWidth="607" frameHeight="818"/>
	<SubTexture name="Mom Pose Left0000" x="5" y="804" width="397" height="393"/>
	<SubTexture name="Mom Pose Left0001" x="5" y="804" width="397" height="393"/>
	<SubTexture name="Mom Pose Left0002" x="412" y="804" width="395" height="401" frameX="0" frameY="-9" frameWidth="578" frameHeight="771"/>
	<SubTexture name="Mom Pose Left0003" x="412" y="804" width="395" height="401" frameX="0" frameY="-9" frameWidth="578" frameHeight="771"/>
	<SubTexture name="Mom Pose Left0004" x="412" y="804" width="395" height="401" frameX="0" frameY="-7" frameWidth="578" frameHeight="771"/>
	<SubTexture name="Mom Pose Left0005" x="412" y="804" width="395" height="401" frameX="0" frameY="-7" frameWidth="578" frameHeight="771"/>
	<SubTexture name="Mom Pose Left0006" x="412" y="804" width="395" height="401" frameX="0" frameY="-7" frameWidth="578" frameHeight="771"/>
	<SubTexture name="Mom Pose Left0007" x="412" y="804" width="395" height="401" frameX="0" frameY="-7" frameWidth="578" frameHeight="771"/>
	<SubTexture name="Mom Pose Left0008" x="412" y="804" width="395" height="401" frameX="0" frameY="-7" frameWidth="578" frameHeight="771"/>
	<SubTexture name="Mom Pose Left0009" x="412" y="804" width="395" height="401" frameX="0" frameY="-7" frameWidth="578" frameHeight="771"/>
	<SubTexture name="Mom Up Pose0000" x="817" y="804" width="389" height="393" frameX="0" frameY="-9" frameWidth="395" frameHeight="862"/>
	<SubTexture name="Mom Up Pose0001" x="817" y="804" width="389" height="393" frameX="0" frameY="-9" frameWidth="395" frameHeight="862"/>
	<SubTexture name="Mom Up Pose0002" x="1214" y="5" width="389" height="381" frameX="-7" frameY="0" frameWidth="395" frameHeight="862"/>
	<SubTexture name="Mom Up Pose0003" x="1214" y="5" width="389" height="381" frameX="-7" frameY="0" frameWidth="395" frameHeight="862"/>
	<SubTexture name="Mom Up Pose0004" x="1214" y="5" width="389" height="381" frameX="-7" frameY="-1" frameWidth="395" frameHeight="862"/>
	<SubTexture name="Mom Up Pose0005" x="1214" y="5" width="389" height="381" frameX="-7" frameY="-1" frameWidth="395" frameHeight="862"/>
	<SubTexture name="Mom Up Pose0006" x="1214" y="5" width="389" height="381" frameX="-7" frameY="-1" frameWidth="395" frameHeight="862"/>
	<SubTexture name="Mom Up Pose0007" x="1214" y="5" width="389" height="381" frameX="-7" frameY="-1" frameWidth="395" frameHeight="862"/>
	<SubTexture name="Mom Up Pose0008" x="1214" y="5" width="389" height="381" frameX="-7" frameY="-1" frameWidth="395" frameHeight="862"/>
	<SubTexture name="Mom Up Pose0009" x="1214" y="5" width="389" height="381" frameX="-7" frameY="-1" frameWidth="395" frameHeight="862"/>
	<SubTexture name="Mom Up Pose0010" x="1214" y="5" width="389" height="381" frameX="-7" frameY="-1" frameWidth="395" frameHeight="862"/>
	<SubTexture name="Mom Up Pose0011" x="1214" y="5" width="389" height="381" frameX="-7" frameY="-1" frameWidth="395" frameHeight="862"/>
	<SubTexture name="Mom Up Pose0012" x="1214" y="5" width="389" height="381" frameX="-7" frameY="-1" frameWidth="395" frameHeight="862"/>
	<SubTexture name="Mom Up Pose0013" x="1214" y="5" width="389" height="381" frameX="-7" frameY="-1" frameWidth="395" frameHeight="862"/>
	<SubTexture name="Mom Up Pose0014" x="1214" y="5" width="389" height="381" frameX="-7" frameY="-1" frameWidth="395" frameHeight="862"/>
</TextureAtlas>
