﻿<?xml version="1.0" encoding="utf-8"?>
<TextureAtlas imagePath="Monster_Assets.png">
	<!-- Created with Adobe Animate version 21.0.0.35450 -->
	<!-- http://www.adobe.com/products/animate.html -->
	<SubTexture name="Monster Right note0000" x="424" y="785" width="295" height="405" frameX="-4" frameY="0" frameWidth="381" frameHeight="691"/>
	<SubTexture name="Monster Right note0001" x="1197" y="5" width="441" height="396" frameX="-4" frameY="0" frameWidth="381" frameHeight="691"/>
	<SubTexture name="Monster Right note0002" x="1197" y="5" width="441" height="396" frameX="0" frameY="-8" frameWidth="381" frameHeight="691"/>
	<SubTexture name="Monster Right note0003" x="1197" y="5" width="441" height="396" frameX="0" frameY="-9" frameWidth="381" frameHeight="691"/>
	<SubTexture name="Monster Right note0004" x="1197" y="5" width="441" height="396" frameX="0" frameY="-8" frameWidth="381" frameHeight="691"/>
	<SubTexture name="Monster Right note0005" x="1197" y="5" width="441" height="396" frameX="0" frameY="-9" frameWidth="381" frameHeight="691"/>
	<SubTexture name="Monster Right note0006" x="1197" y="5" width="441" height="396" frameX="0" frameY="-8" frameWidth="381" frameHeight="691"/>
	<SubTexture name="Monster Right note0007" x="1197" y="5" width="441" height="396" frameX="0" frameY="-9" frameWidth="381" frameHeight="691"/>
	<SubTexture name="Monster Right note0008" x="1197" y="5" width="441" height="396" frameX="0" frameY="-8" frameWidth="381" frameHeight="691"/>
	<SubTexture name="Monster Right note0009" x="1197" y="5" width="441" height="396" frameX="0" frameY="-9" frameWidth="381" frameHeight="691"/>
	<SubTexture name="Monster Right note0010" x="1197" y="5" width="441" height="396" frameX="0" frameY="-8" frameWidth="381" frameHeight="691"/>
	<SubTexture name="Monster Right note0011" x="1197" y="5" width="441" height="396" frameX="0" frameY="-9" frameWidth="381" frameHeight="691"/>
	<SubTexture name="Monster Right note0012" x="1197" y="5" width="441" height="396" frameX="0" frameY="-8" frameWidth="381" frameHeight="691"/>
	<SubTexture name="Monster Right note0013" x="1197" y="5" width="441" height="396" frameX="0" frameY="-9" frameWidth="381" frameHeight="691"/>
	<SubTexture name="Monster Right note0014" x="1197" y="5" width="441" height="396" frameX="0" frameY="-8" frameWidth="381" frameHeight="691"/>
	<SubTexture name="Monster left note0000" x="892" y="5" width="295" height="405" frameX="-15" frameY="0" frameWidth="475" frameHeight="677"/>
	<SubTexture name="Monster left note0001" x="892" y="5" width="295" height="405" frameX="-15" frameY="0" frameWidth="475" frameHeight="677"/>
	<SubTexture name="Monster left note0002" x="892" y="5" width="295" height="405" frameX="0" frameY="-8" frameWidth="475" frameHeight="677"/>
	<SubTexture name="Monster left note0003" x="892" y="5" width="295" height="405" frameX="0" frameY="-8" frameWidth="475" frameHeight="677"/>
	<SubTexture name="Monster left note0004" x="892" y="5" width="295" height="405" frameX="0" frameY="-8" frameWidth="475" frameHeight="677"/>
	<SubTexture name="Monster left note0005" x="892" y="5" width="295" height="405" frameX="0" frameY="-8" frameWidth="475" frameHeight="677"/>
	<SubTexture name="Monster left note0006" x="892" y="5" width="295" height="405" frameX="0" frameY="-8" frameWidth="475" frameHeight="677"/>
	<SubTexture name="Monster left note0007" x="892" y="5" width="295" height="405" frameX="0" frameY="-8" frameWidth="475" frameHeight="677"/>
	<SubTexture name="Monster left note0008" x="892" y="5" width="295" height="405" frameX="0" frameY="-8" frameWidth="475" frameHeight="677"/>
	<SubTexture name="Monster left note0009" x="892" y="5" width="295" height="405" frameX="0" frameY="-8" frameWidth="475" frameHeight="677"/>
	<SubTexture name="Monster left note0010" x="892" y="5" width="295" height="405" frameX="0" frameY="-8" frameWidth="475" frameHeight="677"/>
	<SubTexture name="Monster left note0011" x="892" y="5" width="295" height="405" frameX="0" frameY="-8" frameWidth="475" frameHeight="677"/>
	<SubTexture name="Monster left note0012" x="892" y="5" width="295" height="405" frameX="0" frameY="-8" frameWidth="475" frameHeight="677"/>
	<SubTexture name="Monster left note0013" x="892" y="5" width="295" height="405" frameX="0" frameY="-8" frameWidth="475" frameHeight="677"/>
	<SubTexture name="Monster left note0014" x="892" y="5" width="295" height="405" frameX="0" frameY="-8" frameWidth="475" frameHeight="677"/>
	<SubTexture name="Monster left note0015" x="892" y="5" width="295" height="405" frameX="0" frameY="-8" frameWidth="475" frameHeight="677"/>
	<SubTexture name="Monster left note0016" x="892" y="5" width="295" height="405" frameX="0" frameY="-8" frameWidth="475" frameHeight="677"/>
	<SubTexture name="Monster left note0017" x="892" y="5" width="295" height="405" frameX="0" frameY="-8" frameWidth="475" frameHeight="677"/>
	<SubTexture name="Monster left note0018" x="892" y="5" width="295" height="405" frameX="0" frameY="-8" frameWidth="475" frameHeight="677"/>
	<SubTexture name="Monster left note0019" x="892" y="5" width="295" height="405" frameX="0" frameY="-8" frameWidth="475" frameHeight="677"/>
	<SubTexture name="monster down0000" x="5" y="785" width="409" height="378" frameX="-12" frameY="-18" frameWidth="440" frameHeight="589"/>
	<SubTexture name="monster down0001" x="5" y="785" width="409" height="378" frameX="-12" frameY="-18" frameWidth="440" frameHeight="589"/>
	<SubTexture name="monster down0002" x="5" y="785" width="409" height="378" frameX="0" frameY="0" frameWidth="440" frameHeight="589"/>
	<SubTexture name="monster down0003" x="5" y="785" width="409" height="378" frameX="0" frameY="0" frameWidth="440" frameHeight="589"/>
	<SubTexture name="monster down0004" x="5" y="785" width="409" height="378" frameX="0" frameY="0" frameWidth="440" frameHeight="589"/>
	<SubTexture name="monster down0005" x="5" y="785" width="409" height="378" frameX="0" frameY="0" frameWidth="440" frameHeight="589"/>
	<SubTexture name="monster down0006" x="5" y="785" width="409" height="378" frameX="0" frameY="0" frameWidth="440" frameHeight="589"/>
	<SubTexture name="monster down0007" x="5" y="785" width="409" height="378" frameX="0" frameY="0" frameWidth="440" frameHeight="589"/>
	<SubTexture name="monster down0008" x="5" y="785" width="409" height="378" frameX="0" frameY="0" frameWidth="440" frameHeight="589"/>
	<SubTexture name="monster down0009" x="5" y="785" width="409" height="378" frameX="0" frameY="0" frameWidth="440" frameHeight="589"/>
	<SubTexture name="monster down0010" x="5" y="785" width="409" height="378" frameX="0" frameY="0" frameWidth="440" frameHeight="589"/>
	<SubTexture name="monster down0011" x="5" y="785" width="409" height="378" frameX="0" frameY="0" frameWidth="440" frameHeight="589"/>
	<SubTexture name="monster down0012" x="5" y="785" width="409" height="378" frameX="0" frameY="0" frameWidth="440" frameHeight="589"/>
	<SubTexture name="monster down0013" x="5" y="785" width="409" height="378" frameX="0" frameY="0" frameWidth="440" frameHeight="589"/>
	<SubTexture name="monster down0014" x="5" y="785" width="409" height="378" frameX="0" frameY="0" frameWidth="440" frameHeight="589"/>
	<SubTexture name="monster down0015" x="5" y="785" width="409" height="378" frameX="0" frameY="0" frameWidth="440" frameHeight="589"/>
	<SubTexture name="monster down0016" x="5" y="785" width="409" height="378" frameX="0" frameY="0" frameWidth="440" frameHeight="589"/>
	<SubTexture name="monster down0017" x="5" y="785" width="409" height="378" frameX="0" frameY="0" frameWidth="440" frameHeight="589"/>
	<SubTexture name="monster down0018" x="5" y="785" width="409" height="378" frameX="0" frameY="0" frameWidth="440" frameHeight="589"/>
	<SubTexture name="monster down0019" x="5" y="785" width="409" height="378" frameX="0" frameY="0" frameWidth="440" frameHeight="589"/>
	<SubTexture name="monster down0020" x="5" y="785" width="409" height="378" frameX="0" frameY="0" frameWidth="440" frameHeight="589"/>
	<SubTexture name="monster down0021" x="5" y="785" width="409" height="378" frameX="0" frameY="0" frameWidth="440" frameHeight="589"/>
	<SubTexture name="monster down0022" x="5" y="785" width="409" height="378" frameX="0" frameY="0" frameWidth="440" frameHeight="589"/>
	<SubTexture name="monster down0023" x="5" y="785" width="409" height="378" frameX="0" frameY="0" frameWidth="440" frameHeight="589"/>
	<SubTexture name="monster down0024" x="5" y="785" width="409" height="378" frameX="0" frameY="0" frameWidth="440" frameHeight="589"/>
	<SubTexture name="monster down0025" x="5" y="785" width="409" height="378" frameX="0" frameY="0" frameWidth="440" frameHeight="589"/>
	<SubTexture name="monster down0026" x="5" y="785" width="409" height="378" frameX="0" frameY="0" frameWidth="440" frameHeight="589"/>
	<SubTexture name="monster down0027" x="5" y="785" width="409" height="378" frameX="0" frameY="0" frameWidth="440" frameHeight="589"/>
	<SubTexture name="monster down0028" x="5" y="785" width="409" height="378" frameX="0" frameY="0" frameWidth="440" frameHeight="589"/>
	<SubTexture name="monster down0029" x="5" y="785" width="409" height="378" frameX="0" frameY="0" frameWidth="440" frameHeight="589"/>
	<SubTexture name="monster idle0000" x="5" y="5" width="395" height="380" frameX="-46" frameY="-74" frameWidth="484" frameHeight="677"/>
	<SubTexture name="monster idle0001" x="5" y="5" width="395" height="380" frameX="-46" frameY="-75" frameWidth="484" frameHeight="677"/>
	<SubTexture name="monster idle0002" x="410" y="5" width="392" height="380" frameX="-49" frameY="-67" frameWidth="484" frameHeight="677"/>
	<SubTexture name="monster idle0003" x="410" y="5" width="392" height="380" frameX="-49" frameY="-67" frameWidth="484" frameHeight="677"/>
	<SubTexture name="monster idle0004" x="5" y="395" width="412" height="380" frameX="-38" frameY="-61" frameWidth="484" frameHeight="677"/>
	<SubTexture name="monster idle0005" x="5" y="395" width="412" height="380" frameX="-38" frameY="-41" frameWidth="484" frameHeight="677"/>
	<SubTexture name="monster idle0006" x="427" y="395" width="455" height="380" frameX="-3" frameY="-12" frameWidth="484" frameHeight="677"/>
	<SubTexture name="monster idle0007" x="427" y="395" width="455" height="380" frameX="-3" frameY="-12" frameWidth="484" frameHeight="677"/>
	<SubTexture name="monster idle0008" x="5" y="395" width="412" height="380" frameX="0" frameY="-2" frameWidth="484" frameHeight="677"/>
	<SubTexture name="monster idle0009" x="5" y="395" width="412" height="380" frameX="0" frameY="-2" frameWidth="484" frameHeight="677"/>
	<SubTexture name="monster idle0010" x="410" y="5" width="392" height="380" frameX="0" frameY="0" frameWidth="484" frameHeight="677"/>
	<SubTexture name="monster idle0011" x="410" y="5" width="392" height="380" frameX="0" frameY="0" frameWidth="484" frameHeight="677"/>
	<SubTexture name="monster idle0012" x="5" y="5" width="395" height="380" frameX="0" frameY="0" frameWidth="484" frameHeight="677"/>
	<SubTexture name="monster idle0013" x="5" y="5" width="395" height="380" frameX="0" frameY="0" frameWidth="484" frameHeight="677"/>
	<SubTexture name="monster idle0014" x="5" y="5" width="395" height="380" frameX="0" frameY="0" frameWidth="484" frameHeight="677"/>
	<SubTexture name="monster up note0000" x="1197" y="419" width="398" height="396" frameX="-7" frameY="0" frameWidth="418" frameHeight="759"/>
	<SubTexture name="monster up note0001" x="1197" y="419" width="398" height="396" frameX="-7" frameY="0" frameWidth="418" frameHeight="759"/>
	<SubTexture name="monster up note0002" x="1197" y="419" width="398" height="396" frameX="0" frameY="-38" frameWidth="418" frameHeight="759"/>
	<SubTexture name="monster up note0003" x="1197" y="419" width="398" height="396" frameX="0" frameY="-38" frameWidth="418" frameHeight="759"/>
	<SubTexture name="monster up note0004" x="1197" y="419" width="398" height="396" frameX="0" frameY="-38" frameWidth="418" frameHeight="759"/>
	<SubTexture name="monster up note0005" x="1197" y="419" width="398" height="396" frameX="0" frameY="-38" frameWidth="418" frameHeight="759"/>
	<SubTexture name="monster up note0006" x="1197" y="419" width="398" height="396" frameX="0" frameY="-38" frameWidth="418" frameHeight="759"/>
	<SubTexture name="monster up note0007" x="1197" y="419" width="398" height="396" frameX="0" frameY="-38" frameWidth="418" frameHeight="759"/>
	<SubTexture name="monster up note0008" x="1197" y="419" width="398" height="396" frameX="0" frameY="-38" frameWidth="418" frameHeight="759"/>
	<SubTexture name="monster up note0009" x="1197" y="419" width="398" height="396" frameX="0" frameY="-38" frameWidth="418" frameHeight="759"/>
	<SubTexture name="monster up note0010" x="1197" y="419" width="398" height="396" frameX="0" frameY="-38" frameWidth="418" frameHeight="759"/>
	<SubTexture name="monster up note0011" x="1197" y="419" width="398" height="396" frameX="0" frameY="-38" frameWidth="418" frameHeight="759"/>
	<SubTexture name="monster up note0012" x="1197" y="419" width="398" height="396" frameX="0" frameY="-38" frameWidth="418" frameHeight="759"/>
	<SubTexture name="monster up note0013" x="1197" y="419" width="398" height="396" frameX="0" frameY="-38" frameWidth="418" frameHeight="759"/>
	<SubTexture name="monster up note0014" x="1197" y="419" width="398" height="396" frameX="0" frameY="-38" frameWidth="418" frameHeight="759"/>
	<SubTexture name="monster up note0015" x="1197" y="419" width="398" height="396" frameX="0" frameY="-38" frameWidth="418" frameHeight="759"/>
	<SubTexture name="monster up note0016" x="1197" y="419" width="398" height="396" frameX="0" frameY="-38" frameWidth="418" frameHeight="759"/>
	<SubTexture name="monster up note0017" x="1197" y="419" width="398" height="396" frameX="0" frameY="-38" frameWidth="418" frameHeight="759"/>
	<SubTexture name="monster up note0018" x="1197" y="419" width="398" height="396" frameX="0" frameY="-38" frameWidth="418" frameHeight="759"/>
	<SubTexture name="monster up note0019" x="1197" y="419" width="398" height="396" frameX="0" frameY="-38" frameWidth="418" frameHeight="759"/>
	<SubTexture name="monster up note0020" x="1197" y="419" width="398" height="396" frameX="0" frameY="-38" frameWidth="418" frameHeight="759"/>
	<SubTexture name="monster up note0021" x="1197" y="419" width="398" height="396" frameX="0" frameY="-38" frameWidth="418" frameHeight="759"/>
	<SubTexture name="monster up note0022" x="1197" y="419" width="398" height="396" frameX="0" frameY="-38" frameWidth="418" frameHeight="759"/>
	<SubTexture name="monster up note0023" x="1197" y="419" width="398" height="396" frameX="0" frameY="-38" frameWidth="418" frameHeight="759"/>
</TextureAtlas>
