{
	"animations": [
		{
			"loop": false,
			"offsets": [
				432,
				-142
			],
			"fps": 24,
			"anim": "idle",
			"indices": [],
			"name": "monster idle"
		},
		{
			"loop": false,
			"offsets": [
				410,
				-21
			],
			"fps": 24,
			"anim": "singUP",
			"indices": [],
			"name": "monster up note"
		},
		{
			"loop": false,
			"offsets": [
				-30,
				20
			],
			"fps": 24,
			"anim": "singLEFT",
			"indices": [],
			"name": "Monster left note"
		},
		{
			"loop": false,
			"offsets": [
				-51,
				30
			],
			"fps": 24,
			"anim": "singRIGHT",
			"indices": [],
			"name": "Monster Right note"
		},
		{
			"loop": false,
			"offsets": [
				263,
				-112
			],
			"fps": 24,
			"anim": "singDOWN",
			"indices": [],
			"name": "monster down"
		},
		{
			"loop": true,
			"offsets": [
				793,
				-87
			],
			"anim": "idle-loop",
			"fps": 24,
			"name": "monster idle",
			"indices": [
				12,
				13,
				14
			]
		},
		{
			"loop": true,
			"offsets": [
				-30,
				20
			],
			"anim": "singLEFT-loop",
			"fps": 24,
			"name": "Monster left note",
			"indices": [
				17,
				18,
				19
			]
		},
		{
			"loop": true,
			"offsets": [
				0,
				0
			],
			"anim": "singUP-loop",
			"fps": 24,
			"name": "monster up note",
			"indices": [
				21,
				22,
				23
			]
		},
		{
			"loop": true,
			"offsets": [
				-51,
				30
			],
			"anim": "singRIGHT-loop",
			"fps": 24,
			"name": "Monster Right note",
			"indices": [
				12,
				13,
				14
			]
		},
		{
			"loop": true,
			"offsets": [
				-50,
				-80
			],
			"anim": "singDOWN-loop",
			"fps": 24,
			"name": "monster down",
			"indices": [
				27,
				28,
				29
			]
		}
	],
	"no_antialiasing": false,
	"image": "characters/Monster_Assets",
	"position": [
		0,
		100
	],
	"healthicon": "monster",
	"flip_x": false,
	"healthbar_colors": [
		0,
		0,
		0
	],
	"camera_position": [
		-900,
		-790
	],
	"sing_duration": 4,
	"scale": 3.00000000000001
}